{
  "textures": {
    "1": "item/nodisks"
  },
  "elements": [
    {
      "from": [-16, 0, 0],
      "to": [32, 16, 0],
      "faces": {
        "north": { "uv": [0, 0, 16, 16], "texture": "#1" },
        "east": { "uv": [0, 0, 0, 16], "texture": "#1" },
        "south": { "uv": [0, 0, 16, 16], "texture": "#1" },
        "west": { "uv": [0, 0, 0, 16], "texture": "#1" },
        "up": { "uv": [0, 0, 16, 0], "texture": "#1" },
        "down": { "uv": [0, 0, 16, 0], "texture": "#1" }
      }
    }
  ],
  "gui_light": "front",
  "display": {
    "thirdperson_righthand": {
      "translation": [0, 3, 1],
      "scale": [0.55, 0.55, 0.55]
    },
    "thirdperson_lefthand": {
      "translation": [0, 3, 1],
      "scale": [0.55, 0.55, 0.55]
    },
    "firstperson_righthand": {
      "rotation": [0, -90, 25],
      "translation": [1.13, 3.2, 1.13],
      "scale": [0.68, 0.68, 0.68]
    },
    "firstperson_lefthand": {
      "rotation": [0, -90, 25],
      "translation": [1.13, 3.2, 1.13],
      "scale": [0.68, 0.68, 0.68]
    },
    "ground": {
      "translation": [0, 2, 0],
      "scale": [0.5, 0.5, 0.5]
    },
    "gui": {
      "translation": [0, 0, 80],
      "scale": [4, 4, 4]
    },
    "head": {
      "rotation": [0, 180, 0],
      "translation": [0, 13, 7]
    },
    "fixed": {
      "rotation": [0, 180, 0]
    }
  }
}
