{
  "parent": "block/cube",
  "textures": {
    "4": "block/terminal/back",
    "5": "block/terminal/front",
    "6": "block/terminal/left",
    "7": "block/terminal/right",
    "8": "block/terminal/top",
    "particle": "block/terminal/back"
  },
  "elements": [
    {
      "from": [0, 0, 0],
      "to": [16, 16, 16],
      "faces": {
        "north": { "uv": [0, 0, 16, 16], "texture": "#5" },
        "east": { "uv": [0, 0, 16, 16], "texture": "#7" },
        "south": { "uv": [0, 0, 16, 16], "texture": "#4" },
        "west": { "uv": [0, 0, 16, 16], "texture": "#6" },
        "up": { "uv": [0, 0, 16, 16], "texture": "#8" },
        "down": { "uv": [0, 16, 16, 0], "texture": "#8" }
      }
    }
  ],
  "display": {
    "fixed": {
      "rotation": [-90, 0, 0],
      "translation": [0, 0, -16],
      "scale": [2.001, 2.001, 2.001]
    }
  }
}
